label,text
physics,The study observed the decay of subatomic particles within a heavy water tank.
physics,Quantum entanglement implies that two particles remain linked across any distance.
physics,The kinetic energy of the system increases with the square of the velocity.
physics,General relativity posits that gravity is a result of spacetime curvature.
physics,The laboratory protocols require strict adherence to the laws of thermodynamics.
physics,Wave-particle duality is a fundamental concept in modern quantum mechanics.
physics,The gravitational constant was measured using a highly sensitive torsion balance.
physics,Entropy in an isolated system will always increase over time.
physics,The Higgs boson explains how fundamental particles acquire their mass.
physics,Nuclear fusion in a star's core produces energy through the synthesis of helium.
physics,The velocity of a projectile is a vector quantity defined by magnitude and direction.
physics,Superconductors exhibit zero electrical resistance at temperatures near absolute zero.
physics,Dark matter is a hypothetical substance that accounts for galaxy rotation curves.
physics,The wavelength of light determines its position in the electromagnetic spectrum.
physics,Heisenberg's uncertainty principle sets a limit on the precision of physical variables.
physics,The strong nuclear force holds protons and neutrons together in the nucleus.
physics,Thermodynamics defines the relationship between heat, work, and internal energy.
physics,The photoelectric effect demonstrates that light can behave as a stream of photons.
physics,Electrons orbit the atomic nucleus in discrete energy levels or shells.
physics,Black holes are regions of space where the gravitational pull prevents light escape.
physics,Centripetal force is required to keep an object moving in a circular path.
physics,The refractive index of the glass determines how much the light beam bends.
physics,String theory attempts to unify all fundamental forces into a single framework.
physics,The half-life of a radioactive isotope is independent of the initial mass.
physics,Isotropic materials show the same physical properties in all directions.
physics,Plasma is often called the fourth state of matter due to its ionized particles.
physics,The Doppler effect causes a shift in frequency for a source moving toward an observer.
physics,Newtonian mechanics fails to describe motion at speeds approaching light.
physics,Laminar flow occurs when a fluid moves in smooth, parallel layers.
physics,The magnetic field strength was measured in Tesla using a Hall effect sensor.
physics,Conduction is the transfer of thermal energy through direct molecular contact.
physics,The Pauli exclusion principle states two fermions cannot occupy the same state.
physics,Osmosis involves the movement of solvent molecules through a semi-permeable membrane.
physics,The luminosity of a star is proportional to its surface area and temperature.
physics,Angular momentum is conserved in a system where no external torque is applied.
physics,The cosmic microwave background is a remnant of the early universe's heat.
physics,Diffraction patterns occur when light waves encounter an obstacle or slit.
physics,The specific heat capacity of water is higher than that of most metals.
physics,Standard model particles are divided into quarks, leptons, and gauge bosons.
physics,The principle of superposition allows waves to pass through each other.
physics,Work is defined as the product of force and displacement in the direction of motion.
physics,The latent heat of vaporization is the energy required to change liquid to gas.
physics,Galilean invariance holds that the laws of physics are the same in all inertial frames.
physics,The Schwarzschild radius defines the event horizon of a non-rotating black hole.
physics,Semiconductors have electrical conductivity between that of a conductor and insulator.
physics,The torque produced by the motor was sufficient to overcome static friction.
physics,A vacuum is a space devoid of matter where the pressure is significantly low.
physics,The oscillation of the pendulum was damped by the air resistance.
physics,Faraday's law describes how a changing magnetic field induces an electric current.
physics,The density of an object determines whether it will float or sink in a fluid.
physics,Capacitance is the ability of a system to store an electric charge.
physics,The Redshift of distant galaxies provides evidence for the expansion of the universe.
physics,An alpha particle consists of two protons and two neutrons bound together.
physics,The Joule-Thomson effect describes the temperature change of a gas during expansion.
physics,Kinematics is the branch of mechanics concerned with the motion of objects.
physics,The spring constant was determined by plotting force against displacement.
physics,Total internal reflection occurs when the angle of incidence exceeds the critical angle.
physics,The flux of the magnetic field through the loop was calculated using calculus.
physics,Covalent bonds involve the sharing of electron pairs between atoms.
physics,The molar mass of the compound was calculated using the periodic table.
physics,Inertia is the tendency of an object to resist changes in its state of motion.
physics,The intensity of the radiation decreases with the square of the distance.
physics,A photon has no rest mass but carries momentum proportional to its frequency.
physics,The beta decay process involves the transformation of a neutron into a proton.
physics,Cryogenics is the study of the production and behavior of materials at low temperatures.
physics,The viscosity of the oil changed as the temperature of the engine increased.
physics,The fission of uranium-235 releases a significant amount of binding energy.
physics,The trajectory of the electron was curved by the external magnetic field.
physics,The resonance frequency of the circuit was tuned using a variable capacitor.
physics,The heat of reaction was measured using a constant-pressure calorimeter.
physics,A transverse wave oscillates perpendicular to the direction of energy transfer.
physics,The tension in the string was equal to the weight of the hanging mass.
physics,Bernoulli's principle states that an increase in fluid speed leads to lower pressure.
physics,The focal length of the convex lens was measured in centimeters.
physics,Dark energy is the force believed to be accelerating the expansion of space.
physics,The gravitational potential energy depends on the height above the ground.
physics,A catalyst lowers the activation energy required for a chemical reaction.
physics,The coefficient of friction was calculated for the sliding wooden block.
physics,Inductance is the property of a conductor by which a change in current induces voltage.
physics,The power output of the turbine was measured in Kilowatts.
physics,The atomic number represents the number of protons in an atom's nucleus.
physics,The mean free path is the average distance a particle travels between collisions.
physics,An electric dipole consists of two equal and opposite charges separated by distance.
physics,The work function is the minimum energy needed to remove an electron from a metal.
physics,A biconvex lens can be used to converge parallel rays of light.
physics,The amplitude of the sound wave determines its perceived loudness.
physics,The decay constant determines the rate at which a radioactive substance breaks down.
physics,Superfluidity allows helium to flow without viscosity at extremely low temperatures.
physics,The polarization of light can be achieved using a polarizing filter.
physics,The escape velocity of Earth is approximately eleven kilometers per second.
physics,A longitudinal wave oscillates in the same direction as the wave's travel.
physics,The pressure of the gas is inversely proportional to its volume at constant temperature.
physics,The Lorentz transformation relates the coordinates of two moving reference frames.
physics,The binding energy per nucleon is a measure of the stability of a nucleus.
physics,The electromagnetic force is one of the four fundamental interactions of nature.
physics,The displacement of the particle was measured from its equilibrium position.
physics,The efficiency of the heat engine is limited by the second law of thermodynamics.
physics,A solenoid creates a uniform magnetic field inside its coil when current flows.
physics,The thermal conductivity of copper makes it an excellent material for heat sinks.
physics,The wave function describes the quantum state of a particle in space.
anthropology,The fossil record of early hominids indicates a shift toward bipedal locomotion.
anthropology,Cultural anthropology explores the diverse rituals and beliefs of human societies.
anthropology,The transition to agriculture marked a major turning point in human social history.
anthropology,Linguistic analysis reveals shared roots between geographically distant tribes.
anthropology,Neolithic settlements show evidence of communal grain storage and planning.
anthropology,Mitochondrial DNA provides a map of early human migration out of Africa.
anthropology,The excavation of the burial mound revealed decorative beads and copper tools.
anthropology,Kinship structures define the roles and inheritance rights in traditional clans.
anthropology,Dietary habits of ancient populations are reconstructed from dental wear patterns.
anthropology,The development of symbolic art suggests complex cognitive abilities in late Sapiens.
anthropology,Rites of passage serve to integrate adolescents into adult social responsibilities.
anthropology,Pottery shards found at the site date to the early third millennium BCE.
anthropology,Ethnoarchaeology uses observations of modern groups to interpret ancient remains.
anthropology,Environmental adaptation led to the specialized toolkits found in Arctic regions.
anthropology,Shamanic practices often involve altered states of consciousness for the community.
anthropology,Matrilineal descent systems trace ancestry primarily through the mother's line.
anthropology,The domestication of wolves into dogs likely occurred during the Paleolithic era.
anthropology,Oral traditions preserve the historical memory of non-literate social groups.
anthropology,The concept of the 'taboo' varies significantly across global indigenous cultures.
anthropology,Hominid brain size increased significantly during the Pleistocene epoch.
anthropology,The practice of mummification reflects the ancient Egyptian views on the afterlife.
anthropology,Slash-and-burn agriculture is a common practice among forest-dwelling tribes.
anthropology,The potlatch ceremony is a competitive gift-giving ritual of Pacific Northwest tribes.
anthropology,Cranial measurements were historically used to categorize human racial groups.
anthropology,The discovery of Oldowan tools represents the earliest phase of stone technology.
anthropology,Social stratification becomes more pronounced with the rise of urban city-states.
anthropology,Polytheistic religions often associate specific gods with natural phenomena.
anthropology,The study of primate behavior provides insights into early human sociality.
anthropology,Endogamy is the practice of marrying only within a specific social or ethnic group.
anthropology,The advent of bronze metallurgy allowed for more durable agricultural implements.
anthropology,Cultural diffusion explains how the use of the wheel spread across Eurasia.
anthropology,The 'Out of Africa' theory is the dominant model for modern human origins.
anthropology,Functionalism in anthropology examines how social institutions meet basic needs.
anthropology,The nomadic lifestyle of the Bedouin is adapted to the harsh desert environment.
anthropology,Petroglyphs carved into the rock face record the myths of ancestral groups.
anthropology,The kula ring is a ceremonial exchange system in the Trobriand Islands.
anthropology,Linguists study phonemes to understand the building blocks of tribal dialects.
anthropology,The Australopithecus afarensis fossil 'Lucy' is a key link in human evolution.
anthropology,Monogamy and polygamy are different strategies for organizing domestic units.
anthropology,The use of fire for cooking allowed early humans to digest more calories.
anthropology,Structuralism focuses on the underlying mental patterns that shape culture.
anthropology,The caste system in India is a rigid form of social hierarchy.
anthropology,Paleolithic cave paintings often depict large animals and hunting scenes.
anthropology,The Inuit developed sophisticated clothing from animal skins to survive the cold.
anthropology,Cultural identity is often expressed through traditional clothing and music.
anthropology,The Great Zimbabwe ruins evidence a complex medieval African trading state.
anthropology,Participant observation is the primary fieldwork method for anthropologists.
anthropology,The concept of 'mana' refers to an impersonal supernatural force in some cultures.
anthropology,Symbolic anthropology looks at how people give meaning to their world.
anthropology,The transition from foraging to herding is known as the secondary products revolution.
anthropology,Megalithic structures like Stonehenge suggest a highly organized labor force.
anthropology,The division of labor in hunter-gatherer groups is often based on age and gender.
anthropology,Horticulture involves small-scale gardening using simple hand tools.
anthropology,The ethnographic record contains thousands of descriptions of unique cultures.
anthropology,Ritual scarification can be a mark of beauty or social status in some groups.
anthropology,Ancestral worship is a common feature of many East Asian family structures.
anthropology,The Bering Land Bridge theory explains the migration of humans into the Americas.
anthropology,The yanomami are an indigenous group living in the Amazon rainforest.
anthropology,Totemism involves a spiritual connection between a group and a specific animal.
anthropology,The evolution of the human hand allowed for precision grip and tool making.
anthropology,The study of kinship terms reveals how different societies perceive relatives.
anthropology,Cultural evolutionism was an early theory that societies progress in stages.
anthropology,The development of writing systems allowed for the recording of laws and history.
anthropology,Subsistence strategies are the ways in which a group obtains food and water.
anthropology,The Maori people of New Zealand are known for their traditional haka dance.
anthropology,Shell middens are archaeological sites composed primarily of discarded shells.
anthropology,The concept of 'face' is central to understanding social interaction in many cultures.
anthropology,Physical anthropology includes the study of human genetics and osteology.
anthropology,The Aztecs practiced human sacrifice to appease their solar deities.
anthropology,A dowry is property or money brought by a bride to her husband on their marriage.
anthropology,Cultural relativism challenges the idea that any one culture is superior.
anthropology,The Bronze Age was followed by the Iron Age in most parts of the world.
anthropology,The 'leaky' replacement model suggests some interbreeding between hominids.
anthropology,Gifts in traditional societies are often used to create social obligations.
anthropology,The development of specialized crafts is a hallmark of early civilizations.
anthropology,Archaeologists use radiocarbon dating to determine the age of organic remains.
anthropology,The concept of 'race' is now understood as a social construct by most researchers.
anthropology,Ancient irrigation systems allowed for the growth of large populations in Mesopotamia.
anthropology,The San people of southern Africa are known for their unique click languages.
anthropology,Hominids began using stone tools approximately two point six million years ago.
anthropology,The social hierarchy of the Inca was topped by the Sapa Inca, a divine ruler.
anthropology,Tattooing has been used for thousands of years as a form of cultural expression.
anthropology,The invention of the plow significantly increased agricultural productivity.
anthropology,Myths provide a framework for understanding the origins of the world and humanity.
anthropology,The practice of pastoralism involves the herding of domesticated animals.
anthropology,The Neanderthals are our closest extinct human relatives.
anthropology,Linguistic diversity is highest in regions with fragmented geography.
anthropology,The development of complex societies often leads to the creation of bureaucracy.
anthropology,Burial goods can reveal information about the status of the deceased.
anthropology,The study of human remains can show the prevalence of ancient diseases.
anthropology,A clan is a group of families who claim descent from a common ancestor.
anthropology,Cultural practices are learned behaviors passed down through generations.
anthropology,The evolution of language may be linked to the development of social cooperation.
anthropology,Ancient trade routes like the Silk Road facilitated cultural exchange.
anthropology,The domestication of plants and animals occurred independently in several regions.
anthropology,Social norms are the unwritten rules that govern behavior in a society.
anthropology,The study of ancient DNA has revolutionized our understanding of prehistory.
anthropology,Humanity's ability to adapt to diverse environments is a key to our success.
anthropology,The evolution of the human pelvis was shaped by the demands of bipedalism.
anthropology,Culture is a complex whole that includes knowledge, belief, art, and law.
politics,The legislative branch is responsible for the creation of national policies.
politics,Electoral systems vary from first-past-the-post to proportional representation.
politics,Diplomacy is the art of conducting negotiations between representatives of states.
politics,A coalition government is formed when multiple parties share executive power.
politics,The prime minister can be removed from office through a vote of no confidence.
politics,Constitutional law defines the relationship between the state and its citizens.
politics,Geopolitical strategy involves the use of power to influence international events.
politics,Lobbying groups seek to influence the decisions made by government officials.
politics,The separation of powers is intended to prevent the abuse of authority.
politics,Public policy is the system of laws and regulatory measures in a community.
politics,Sanctions are a tool used in foreign policy to exert economic pressure.
politics,The judiciary serves as an independent check on the legislative branch.
politics,Grassroots movements mobilize citizens to advocate for social or political change.
politics,National sovereignty is the principle that a state has authority over its territory.
politics,Bureaucracy is the administrative system that manages the affairs of the state.
politics,The cabinet is a body of high-ranking officials who advise the head of state.
politics,Political ideologies like liberalism and conservatism shape voter behavior.
politics,Democracy is a system of government where power is vested in the people.
politics,Federalism involves the division of power between national and local governments.
politics,An authoritarian regime restricts political pluralism and individual freedoms.
politics,The opposition party provides a critique of the current government's actions.
politics,Civic engagement is the participation of citizens in the political process.
politics,The rule of law ensures that all individuals are subject to the same legal standards.
politics,A referendum allows the electorate to vote directly on a specific issue.
politics,Political polarization occurs when public opinion divides into extremes.
politics,Bilateral treaties are agreements between two sovereign nations.
politics,The executive branch is responsible for the implementation of laws.
politics,Human rights are the basic freedoms and protections for all individuals.
politics,Gerrymandering is the practice of manipulating electoral district boundaries.
politics,The supreme court is the highest judicial authority in many nations.
politics,Political socialization is the process by which individuals develop their beliefs.
politics,A totalitarian state exercises complete control over all aspects of public life.
politics,Interest groups advocate for specific causes or the interests of their members.
politics,The platform of a political party outlines its goals and policy positions.
politics,Fiscal policy involves the use of government spending and taxation.
politics,A populist leader claims to represent the interests of the ordinary people.
politics,Diplomatic relations were severed following the violation of the peace treaty.
politics,The constitution is the supreme law that outlines the framework of government.
politics,International law governs the conduct of nations in their interactions.
politics,The electoral college is the system used to elect the president in the US.
politics,Voter turnout is a measure of the percentage of eligible citizens who vote.
politics,A mandate is the authority granted to a government by the electorate.
politics,Political corruption involves the misuse of public office for private gain.
politics,The civil service is the body of government employees who manage administration.
politics,A bipartisan agreement involves cooperation between two opposing parties.
politics,Nationalism is an ideology that emphasizes loyalty to one's own nation.
politics,The welfare state provides a social safety net for its citizens.
politics,Decentralization involves the transfer of authority to lower levels of government.
politics,A coup d'etat is the sudden and illegal seizure of power from a government.
politics,The balance of power is a state of stability between competing nations.
politics,A manifesto is a public declaration of the aims of a political group.
politics,The primary election determines the candidates for the general election.
politics,Political science is the study of government, power, and political behavior.
politics,Monarchy is a form of government with a monarch at the head.
politics,The public sector is the part of the economy controlled by the government.
politics,A trade war involves the imposition of tariffs and trade barriers.
politics,The foreign ministry manages a nation's interactions with other countries.
politics,A deadlock occurs when a legislative body is unable to pass a bill.
politics,The bill of rights protects the fundamental freedoms of citizens.
politics,A secular state is officially neutral in matters of religion.
politics,The parliament is the supreme legislative body in many countries.
politics,A proxy war is a conflict instigated by a major power that does not participate.
politics,The shadow cabinet is a group of opposition leaders who mirror the actual cabinet.
politics,A caucus is a meeting of supporters or members of a political party.
politics,The state of the union address is an annual speech by the president.
politics,A landslide victory occurs when a candidate wins by a large margin.
politics,The political climate describes the current mood and opinions of the public.
politics,A policy advisor provides expert guidance to government officials.
politics,The impeachment process is used to remove an official from office.
politics,A special interest group seeks to influence legislation for its benefit.
politics,The diplomatic corps is the body of diplomats representing a nation abroad.
politics,A coalition of the willing is a group of nations that join for a common goal.
politics,The public interest is the welfare or well-being of the general public.
politics,A legislative mandate is an order or requirement from a lawmaking body.
politics,The head of state is the highest-ranking official in a sovereign nation.
politics,Political refugees are individuals fleeing persecution in their home country.
politics,A summit is a meeting of high-level government leaders.
politics,The secret service is responsible for the protection of government officials.
politics,A swing state is a state where the population is divided in its support.
politics,The fourth estate refers to the news media and its influence on politics.
politics,A partisan is a strong supporter of a party, cause, or person.
politics,The term of office is the length of time an official serves.
politics,A constituent is a voting member of a community represented by an official.
politics,The peaceful transition of power is a hallmark of a stable democracy.
politics,A subcommittee is a smaller group within a larger legislative committee.
politics,The budget deficit occurs when government spending exceeds revenue.
politics,A political asylum is the protection granted by a nation to a foreign citizen.
politics,The global community is the group of nations that interact on the world stage.
politics,A legislative session is the period of time when a legislature meets.
politics,The incumbent is the current holder of a political office.
physics,The legal laws governing the laboratory must be followed during the experiment.
politics,The physical force of the riot police was a significant factor in the protest.
anthropology,The political structure of the ancient Maya was a complex hierarchy of priest-kings.
physics,The governance of particle interactions is dictated by the strong and weak forces.
politics,The social evolution of the voting system mirrors the changes in modern democracy.
physics,The state of the atom is determined by its internal energy and arrangement.
politics,The particle of truth in his campaign speech was hard to find amidst the rhetoric.
anthropology,The laws of the tribe were passed down through oral history and tradition.
physics,We measured the pressure of the gas within the pressurized chamber.
politics,The pressure on the senator to resign grew after the scandal was revealed.